Row last updated,Category,Data,Province,City,Fields,Link,Access Type,Data is machine readable,API,Available downloads,Update frequency,Data timeline,Data is freely available online,Data is machine readable,Context is provided,Available in bulk,Up-to-date,Incident-level data,LinkNum
8/22/2018,地面公交,公交线路信息,上海市,上海市,线路名称、上下行标志、线路所包含站点名称、首末车时间、所属公司、调度方式、运营时间,公交走向 ：http://www.datashanghai.gov.cn/query!queryGdsDataInfoById.action?type=0&dataId=AH1002016053 公交监管日统计信息：http://www.datashanghai.gov.cn/query!queryGdsDataInfoById.action?type=0&dataId=AH1002016052 公交线路首末班车时间：http://www.datashanghai.gov.cn/query!queryGdsDataInfoById.action?type=0&dataId=AH1002015005 公共交通基础管理与服务应用系统：http://www.datashanghai.gov.cn/query!queryGdsDataInfoById.action?type=0&dataId=AH1002016051,可直接获取,Yes,Yes,XLSX,每年,2018/3/14,Yes,Yes,Yes,Yes,Yes,No,4
8/22/2018,地面公交,公交站信息,上海市,上海市,线路名称、站点名称、站点编号、上下行标志,公共交通基础管理与服务应用系统：http://www.datashanghai.gov.cn/query!queryGdsDataInfoById.action?type=0&dataId=AH1002016051,可直接获取,Yes,Yes,XLSX,每年,2017/12/14,Yes,Yes,Yes,Yes,Yes,Yes,1
8/22/2018,班线客运,客运站信息,上海市,上海市,客运站名称、客运站地址、客运站电话,省级客运站：http://www.datashanghai.gov.cn/query!queryGdsDataInfoById.action?type=0&dataId=AH1002015027,可直接获取,No,Yes,XLSX,每半年,2018/6/26,Yes,No,Yes,Yes,Yes,Yes,1
8/22/2018,城市道路,城市道路线路信息,上海市,上海市,路段编码、路名、区属、类型、段起点、段止点、等级、长度、路段面积、人行道面积,城市道路信息：http://www.datashanghai.gov.cn/query!queryGdsDataInfoById.action?type=0&dataId=AH1002016021,可直接获取,Yes,Yes,XLSX,每年,2018/6/5,Yes,Yes,Yes,Yes,Yes,Yes,1
8/22/2018,城市道路,城市道路交通事故,上海市,上海市,管理部门、事故编号、事故地点、事故时间,交通事故记录：http://www.datashanghai.gov.cn/query!queryGdsInterfaceInfoById.action?dataId=2c90e4f356b0049c0156b6257a420cae,可直接获取,No,Yes,XLSX,?,2016/8/24,Yes,No,Yes,Unsure,Yes,No,1
8/22/2018,高速公路,高速公路路线信息,上海市,上海市,管理单位名称、起点经度、起点纬度、路线起点名称、路线起点桩号、路线简介、路线全称,公路路线详细信息：http://www.datashanghai.gov.cn/query!queryGdsInterfaceInfoById.action?dataId=2c90e4f360305efd01604ef97de33922,需申请获取,No,Yes,XLSX,?,2017/12/15,Yes,No,No,Unsure,Yes,No,1
8/22/2018,高速公路,高速公路桥梁信息,上海市,上海市,管理单位名称 、桥梁编号、经度、桥梁名称,公路桥梁详细信息：http://www.datashanghai.gov.cn/query!queryGdsInterfaceInfoById.action?dataId=2c90e4f360305efd01604efc89a43989,需申请获取,No,Yes,XLSX,?,2017/12/15,Yes,No,No,Unsure,Yes,No,1
8/22/2018,高速公路,高速公路桥梁信息（限定）,上海市,上海市,管理单位名称 、桥梁编号、经度、桥梁名称,公路桥梁详细信息：http://www.datashanghai.gov.cn/query!queryGdsInterfaceInfoById.action?dataId=2c90e4f360305efd01604efc89a43989,需申请获取,No,Yes,XLSX,?,2017/12/15,Yes,No,Yes,Unsure,Yes,No,1
8/22/2018,高速公路,高速公路隧道信息,上海市,上海市,隧道代码、隧道名称、隧道所在地点、管理单位名称、隧道入口桩号,公路隧道详细信息：http://www.datashanghai.gov.cn/query!queryGdsInterfaceInfoById.action?dataId=2c90e4f360305efd01604efe1060399b,需申请获取,No,Yes,XLSX,?,2017/12/15,Yes,No,No,Unsure,Yes,No,1
8/22/2018,高速公路,高速公路服务区信息,上海市,上海市,服务设施名称、服务区位置、服务区服务内容、纬度、经度,公路服务区信息：http://www.datashanghai.gov.cn/query!queryGdsInterfaceInfoById.action?dataId=2c90e4f360305efd01604eeaccb4384e,需申请获取,No,Yes,XLSX,?,2017/12/15,Yes,No,No,Unsure,Yes,No,1
8/22/2018,高速公路,高速公路服务区信息（限定）,上海市,上海市,服务设施名称、服务区位置、服务区服务内容、纬度、经度,公路服务区信息：http://www.datashanghai.gov.cn/query!queryGdsInterfaceInfoById.action?dataId=2c90e4f360305efd01604eeaccb4384e,需申请获取,No,Yes,XLSX,?,2017/12/15,Yes,No,Yes,Unsure,Yes,No,1
8/22/2018,高速公路,高速公路收费站流量数据,上海市,上海市,时间、网络编号、站点编号、收费路径、ETC流量、收费总流量、N类车流量、ETC收费流量、N类车收费流量、总流量,收费站出站1小时数据统计：http://www.datashanghai.gov.cn/query!queryGdsDataInfoById.action?type=0&dataId=AH1002017045 收费站进站1小时数据统计：http://www.datashanghai.gov.cn/query!queryGdsDataInfoById.action?type=0&dataId=AH1002017018 收费站出站5分钟数据统计：http://www.datashanghai.gov.cn/query!queryGdsDataInfoById.action?type=0&dataId=AH1002017019 收费站进站5分钟数据统计：http://www.datashanghai.gov.cn/query!queryGdsDataInfoById.action?type=0&dataId=AH1002017034,可直接获取,Yes,Yes,XLSX,每年,？,Yes,Yes,Yes,No,Yes,No,4
8/22/2018,高速公路,高速公路气象信息,上海市,上海市,设备号、时间、最大能见度、最小能见度、最高温度、最低温度、最大风速、雨量、最高湿度、最低湿度、最大地面结冰点、最大雨水强度、最大积雪,气象仪每日统计表：http://www.datashanghai.gov.cn/query!queryGdsDataInfoById.action?type=0&dataId=AH1002017022,可直接获取,No,Yes,XLSX,每年,?,Yes,No,No,No,Yes,No,1
8/22/2018,普通公路,普通公路路线信息,上海市,上海市,管理单位名称、起点经度、起点纬度、路线起点名称、路线起点桩号、路线简介、路线全称,公路路线详细信息：http://www.datashanghai.gov.cn/query!queryGdsInterfaceInfoById.action?dataId=2c90e4f360305efd01604ef97de33922,需申请获取,No,Yes,XLSX,?,2017/12/15,Yes,No,No,Unsure,Yes,No,1
8/22/2018,普通公路,普通公路路线信息（限定）,上海市,上海市,管理单位名称、起点经度、起点纬度、路线起点名称、路线起点桩号、路线简介、路线全称、桥梁书郎、隧道数量、涵洞数量,公路路线详细信息：http://www.datashanghai.gov.cn/query!queryGdsInterfaceInfoById.action?dataId=2c90e4f360305efd01604ef97de33922 公路桥梁信息：http://www.datashanghai.gov.cn/query!queryGdsInterfaceInfoById.action?dataId=2c90e4f360305efd01604efc89a43989 公路隧道信息：http://www.datashanghai.gov.cn/query!queryGdsInterfaceInfoById.action?dataId=2c90e4f360305efd01604efe1060399b 公路涵洞信息：http://www.datashanghai.gov.cn/query!queryGdsInterfaceInfoById.action?dataId=2c90e4f360305efd01604f0185cc39ba,需申请获取,Yes,Yes,XLSX,?,2017/12/15,Yes,Yes,Yes,Unsure,Yes,No,1
8/22/2018,普通公路,普通公路收费站流量数据,上海市,上海市,时间、网络编号、站点编号、收费路径、ETC流量、收费总流量、N类车流量、ETC收费流量、N类车收费流量、总流量,收费站出站1小时数据统计：http://www.datashanghai.gov.cn/query!queryGdsDataInfoById.action?type=0&dataId=AH1002017045 收费站进站1小时数据统计：http://www.datashanghai.gov.cn/query!queryGdsDataInfoById.action?type=0&dataId=AH1002017018 收费站出站5分钟数据统计：http://www.datashanghai.gov.cn/query!queryGdsDataInfoById.action?type=0&dataId=AH1002017019 收费站进站5分钟数据统计：http://www.datashanghai.gov.cn/query!queryGdsDataInfoById.action?type=0&dataId=AH1002017034,可直接获取,Yes,Yes,XLSX,每年,？,Yes,Yes,Yes,No,Yes,No,4
8/22/2018,水路,水路航道信息,上海市,上海市,航道名称、航道起讫点、里程公里、技术等级、现状等级、铁路桥梁数量、高速公路桥数量、普通公路桥数量、公铁两用桥数量、机耕桥梁数量、人行桥梁数量、其他桥梁数量、船闸数量、节制闸数量、碍航闸坝数量、架空管道数量、水下管道数量,航道：http://www.datashanghai.gov.cn/query!queryGdsDataInfoById.action?type=0&dataId=AH1002016040,可直接获取,Yes,Yes,XLSX,每年,2017/11/29,Yes,Yes,Yes,Yes,Yes,Yes,1
8/22/2018,轨道交通,轨道交通线路信息,北京市,北京市,路线名称、线路里程,轨道交通线路：http://www.bjdata.gov.cn/zyml/ajg/sjtw/6809.htm,可直接获取,No,No,XLSX,？,2012/7/19,Yes,No,Yes,No,Yes,No,1
8/22/2018,轨道交通,轨道交通站点信息,北京市,北京市,路线名称、是否可换乘,轨道交通站点：http://www.bjdata.gov.cn/zyml/ajg/sjtw/6808.htm,可直接获取,No,No,XLSX,？,2012/7/19,Yes,No,Yes,No,Yes,No,1
8/22/2018,班线客运,客运站信息,北京市,北京市,名称、地址 、场站等级,省际客运场站：http://www.bjdata.gov.cn/zyml/ajg/sjtw/6798.htm,可直接获取,No,Yes,XLSX,?,2012/7/19,Yes,No,Yes,No,Yes,No,1
8/22/2018,城市道路,城市道路线路信息,北京市,北京市,路线名称、起点名称、讫点名称、道路长度,主干路：http://www.bjdata.gov.cn/zyml/ajg/sjtw/6795.htm 快速路：http://www.bjdata.gov.cn/zyml/ajg/sjtw/6802.htm,可直接获取,Yes,No,XLSX,?,2012/7/19,Yes,Yes,Yes,No,Yes,No,2
8/22/2018,高速公路,高速公路路线信息,北京市,北京市,路线编码、路线名称、起点桩号、讫点桩号、里程,高速公路：http://www.bjdata.gov.cn/zyml/ajg/sjtw/6810.htm,可直接获取,No,No,XLSX,?,2012/7/19,Yes,No,Yes,No,Yes,No,1
8/22/2018,高速公路,高速公路气象信息,北京市,北京市,设备ID、所属区县、路线编号、路线名称 、行政等级 、点位名称、接受时间、大气温度 、湿度、露点、雨水关开、风速（10min，平均）、风向（10min，平均）、降水量 、雨水强度、雪高、能见度 、气压 、气温趋势、雨水级别 、太阳辐射 、太阳辐射（从P1通道）、最大风速 、最大风向,公路气象数据：http://www.bjdata.gov.cn/zyml/ajg/sjtw/6785.htm,可直接获取,No,Yes,XLSX,?,2018/3/31,Yes,No,No,No,Yes,No,2
8/22/2018,普通公路,普通公路路线信息,北京市,北京市,路线编码、路线名称、起点桩号、讫点桩号、里程,国道：http://www.bjdata.gov.cn/zyml/ajg/sjtw/6807.htm 省道：http://www.bjdata.gov.cn/zyml/ajg/sjtw/6799.htm,可直接获取,No,No,XLSX,?,2012/7/19,Yes,No,Yes,No,Yes,No,2
8/22/2018,地面公交,公交购IC卡信息,贵州省,贵阳市,地址、是否办理普卡业务、是否办理老年卡业务、办理时段、备注,公交IC卡充值点信息：http://www.gyopendata.gov.cn/city/datadetail.htm?resId=670000/3900765,可直接获取,No,No,XLSX,每年,2017/1/10,Yes,No,Yes,No,Yes,Yes,1
8/22/2018,班线客运,客运线路信息,贵州省,贵阳市,线路起止点、日发班次、发班时间、票价、正常运行时间、途经站点及票价、始发/配载、车辆型号、车辆级别、卧铺/座位,贵阳市汽车客运站班次票价时刻表：http://www.gyopendata.gov.cn/city/datadetail.htm?resId=670000/3900796,可直接获取,No,No,XLSX,半年,2018/3/15,Yes,No,Yes,Yes,Yes,Yes,1
8/22/2018,班线客运,客运站信息,贵州省,贵阳市,汽车站名称、电话、地址、场站等级,长途客运站：http://www.gyopendata.gov.cn/city/datadetail.htm?resId=670000/3900784 省际客运站场：http://www.gyopendata.gov.cn/city/datadetail.htm?resId=670000/3900759,可直接获取,No,No,XLSX,每年,2017/3/23,Yes,No,Yes,No,Yes,Yes,2
8/22/2018,班线客运,客运票价信息,贵州省,贵阳市,线路起止点、日发班次、发班时间、票价、正常运行时间、途经站点及票价、始发/配载、车辆型号、车辆级别、卧铺/座位,贵阳市汽车客运站班次票价时刻表：http://www.gyopendata.gov.cn/city/datadetail.htm?resId=670000/3900796,可直接获取,Yes,No,XLSX,半年,2018/3/15,Yes,Yes,Yes,Yes,Yes,Yes,1
8/22/2018,班线客运,客运售票点信息,贵州省,贵阳市,票务名称、地区、电话、地址,贵阳市汽车售票点：http://www.gyopendata.gov.cn/city/datadetail.htm?resId=670000/3900763,可直接获取,No,No,XLSX,每年,2017/3/23,Yes,No,Yes,No,Yes,Yes,1
8/22/2018,枢纽,枢纽信息,贵州省,贵阳市,所在区的名称、场站名称、场站类型、位置占地面积（㎡）、是否具备维修保养功能、是否具备加油加气功能、备注,主要公交枢纽站信息：http://www.gyopendata.gov.cn/city/datadetail.htm?resId=670000/3900781,可直接获取,No,No,XLSX,每年,2017/1/10,Yes,No,Yes,No,Yes,Yes,1
8/22/2018,地面公交,公交线路信息,广东省,深圳市,线路编号、线路名称、线路类型、起点站、终点站、状态、公交公司ID,公交线路信息：http://opendata.sz.gov.cn/dataapi/toApiDetail/710/1,可直接获取,No,Yes,XLSX,每年,2018/8/8,Yes,No,Yes,Yes,Yes,Yes,1
8/22/2018,班线客运,客运站信息,广东省,深圳市,名称、地址、场站等级,长途客运场站：http://opendata.sz.gov.cn/dataapi/toApiDetail/3123/1,可直接获取,No,Yes,XLSX,每年,2018/8/8,Yes,No,Yes,Yes,Yes,Yes,1
8/22/2018,城市道路,城市道路线路信息,广东省,深圳市,路名、区属、类型、段起点、段止点、等级、长度、路段面积、人行道面积,城市道路信息：http://opendata.sz.gov.cn/dataapi/toApiDetail/3085/2,可直接获取,Yes,Yes,XLSX,每年,2018/6/26,Yes,Yes,Yes,Yes,Yes,Yes,1
8/22/2018,出租汽车,出租汽车扬招点,黑龙江省,哈尔滨市,区域、具体乘降点位,哈尔滨出租汽车乘降点信息：http://data.harbin.gov.cn/odweb/catalog/catalogDetail.htm?cata_id=78391#,可直接获取,No,No,XLSX,每年,2017/5/16,Yes,No,Yes,No,Yes,Yes,1
8/22/2018,班线客运,客运站信息,黑龙江省,哈尔滨市,站名、地址、热线电话,哈尔滨客运站信息：http://data.harbin.gov.cn/odweb/catalog/catalogDetail.htm?cata_id=78559,可直接获取,No,No,XLSX,每年,2017/5/17,Yes,No,Yes,No,Yes,Yes,1
8/22/2018,班线客运,客运票价信息,黑龙江省,哈尔滨市,车次、班时、车型、始发站、终到站、里程、票价,哈尔滨道外站客运站班次信息：http://data.harbin.gov.cn/odweb/catalog/catalogDetail.htm?cata_id=71268 哈尔滨市南岗站客运站班次信息：http://data.harbin.gov.cn/odweb/catalog/catalogDetail.htm?cata_id=70301 哈尔滨市三棵树客运站班次信息：http://data.harbin.gov.cn/odweb/catalog/catalogDetail.htm?cata_id=70412 哈尔滨市哈西站班客运站次信息：http://data.harbin.gov.cn/odweb/catalog/catalogDetail.htm?cata_id=71313,可直接获取,No,No,XLSX,每年,2017/4/26,Yes,No,Yes,No,Yes,Yes,4
8/22/2018,水路,码头信息,黑龙江省,哈尔滨市,港口经营人名称、港口经营人所属区县、所在内河航道、泊位数量、泊位长度、码头水深、设计停靠能力,哈尔滨市港口基本信息：http://data.harbin.gov.cn/odweb/catalog/catalogDetail.htm?cata_id=70021,可直接获取,No,No,XLSX,每年,2017/4/25,Yes,No,No,No,Yes,Yes,1
8/22/2018,地面公交,公交线路信息,山东省,济南市,线路、起点、终点、运营时间,济南市公交线路：http://www.jndata.gov.cn/odweb/catalog/catalogDetail.htm?cata_id=a1f02d5ccfcb444c89d4b690e5cf9df9,可直接获取,No,Yes,XLSX,按需,2018/7/5,Yes,No,Yes,Unsure,Yes,No,1
8/22/2018,地面公交,公交购IC卡信息,山东省,济南市,网点名称、地址、发售范围、营业时间、途经线路、下车站点,济南市公交服务网点：http://www.jndata.gov.cn/odweb/catalog/catalogDetail.htm?cata_id=370138280,可直接获取,No,Yes,XLSX,按需,2017/11/7,Yes,No,Yes,Unsure,Yes,Yes,1
8/22/2018,出租汽车,出租汽车基础数据,山东省,济南市,业户名称、许可证号、业户地址、类型、车牌号、车牌颜色、经营范围、座位、吨位、厂牌、型号、注册日期、运营年限止、年审有效期止,济南市出租汽车车辆运营证核发：http://www.jndata.gov.cn/odweb/catalog/catalogDetail.htm?cata_id=1d5922a4a2cd49769873c1d519fea792,可直接获取,Yes,Yes,XLSX,每月,2018/6/22,Yes,Yes,No,No,Yes,Yes,1
8/22/2018,班线客运,客运线路信息,山东省,济南市,经营者名称、标志牌号、线路、车牌,济南市运输管理处道路旅客运输班线信息：http://data.sd.gov.cn/odweb/catalog/catalogDetail.htm?cata_id=370133528,可直接获取,No,Yes,XLSX,按需,2018/3/6,Yes,No,Yes,Unsure,Yes,Yes,1
8/22/2018,班线客运,客运站信息,山东省,济南市,站名、级别、建站时间、场地面积、候车室面积,济南市长途汽车站：http://www.jndata.gov.cn/odweb/catalog/catalogDetail.htm?cata_id=0b4f6939b4d8499e95ae3b6f640ed538,可直接获取,No,Yes,XLSX,按需,2018/7/18,Yes,No,Yes,Unsure,Yes,Yes,1
8/22/2018,城市道路,城市道路线路信息,山东省,济南市,道路名称、道路等级、起止地点、道路长度、面层类型、管养单位、监管单位,济南市市政道路设施情况表：http://www.jndata.gov.cn/odweb/catalog/catalogDetail.htm?cata_id=370134828,可直接获取,Yes,Yes,XLSX,每年,2018/3/6,Yes,Yes,Yes,Yes,Yes,Yes,1
8/22/2018,普通公路,普通公路路线信息,山东省,济南市,路线编号、重复路线编号、路线名称、路线简称、道路等级、起点桩号、止点桩号、车道数、路基宽度、铺设材料、里程、路面宽度,济南市公路信息：http://www.jndata.gov.cn/odweb/catalog/catalogDetail.htm?cata_id=7e98c0d8ca5d4f56b3ca295985df2c38,可直接获取,No,Yes,XLSX,按需,？,Yes,No,Yes,Unsure,Yes,No,1
8/22/2018,地面公交,公交购IC卡信息,广东省,广州市,名称、地址、营业时间、行政区,羊城通客服网点：http://www.gddata.gov.cn/index.php/data/datasetdetail/id/1845.html 羊城通充值网点：http://www.gddata.gov.cn/index.php/data/datasetdetail/id/1844.html,可直接获取,No,No,XLSX,按需,2018/6/13,Yes,No,Yes,Yes,Yes,No,2
8/22/2018,班线客运,客运站信息,广东省,广州市,名称、地址、电话,广州汽车客运站信息：http://www.gddata.gov.cn/index.php/data/datasetdetail/id/1853.html,可直接获取,No,No,XLSX,按需,2018/6/13,Yes,No,Yes,Yes,Yes,No,1
8/22/2018,高速公路,高速公路收费站信息,广东省,广州市,收费站编码 、收费站名称、收费站简称、所在路线技术等级、收费站收费性质、收费站类型、收费站位置类型、收费方向、入口车道数、入口ETC车道数、出口车道数、出口ETC车道数、经度、纬度,收费站基本信息：http://www.gddata.gov.cn/index.php/data/datasetdetail/id/181.html,可直接获取,No,No,XLSX,按需,2016/9/7,Yes,No,Yes,Unsure,Yes,No,1
8/22/2018,普通公路,普通公路收费站信息,广东省,广州市,收费站编码 、收费站名称、收费站简称、所在路线技术等级、收费站收费性质、收费站类型、收费站位置类型、收费方向、入口车道数、入口ETC车道数、出口车道数、出口ETC车道数、经度、纬度,收费站基本信息：http://www.gddata.gov.cn/index.php/data/datasetdetail/id/181.html,可直接获取,No,No,XLSX,按需,2016/9/7,Yes,No,Yes,Unsure,Yes,No,1
8/22/2018,普通公路,普通公路收费站信息（限定）,广东省,广州市,收费站编码 、收费站名称、收费站简称、所在路线技术等级、收费站收费性质、收费站类型、收费站位置类型、收费方向、入口车道数、入口ETC车道数、出口车道数、出口ETC车道数、经度、纬度,收费站基本信息：http://www.gddata.gov.cn/index.php/data/datasetdetail/id/181.html,可直接获取,No,No,XLSX,按需,2016/9/7,Yes,No,No,Unsure,Yes,No,1
8/22/2018,高速公路,高速公路服务区信息,广东省,广州市,所属高速编码、所属高速名称、服务区名称、服务内容,服务区基本信息：http://www.gddata.gov.cn/index.php/data/datasetdetail/id/190.html,可直接获取,No,No,XLSX,按需,2016/9/21,Yes,No,Yes,Unsure,Yes,No,1
8/22/2018,水路,码头信息,广东省,广州市,港口名称、监管单位,港口基本信息：http://www.gddata.gov.cn/index.php/data/datasetdetail/id/191.html,可直接获取,No,No,XLSX,按需,2016/9/21,Yes,No,No,Unsure,Yes,No,1
8/22/2018,出租汽车,出租汽车基础数据,贵州省,贵州省,燃油类型、厂牌编号、所属企业、是否企业车辆、车辆牌号、道路运输证号,出租车运营车辆基本信息：http://www.gzdata.gov.cn/detail.html?id=1474441964297,可直接获取,No,No,XLSX,每年,2018/4/7,Yes,No,No,Yes,Yes,No,1
8/22/2018,高速公路,高速公路收费站信息,贵州省,贵州省,路线编号、路线名称、收费站名称、收费站编号,高速收费站列表：http://www.gzdata.gov.cn/detail.html?id=1474441963941,可直接获取,No,Yes,XLSX,实时,2018/4/13,Yes,No,Yes,No,Yes,No,1
8/22/2018,地面公交,公交线路信息,浙江省,杭州市,线路编号、上行始发站、下行始发站、上行营运时间、下行营运时间、里程上行、里程下行、站点上行、站点下行,城市公交线路信息：https://transportdata.cn/traffictravel/open/detail?id=932&dataClass=static,可直接获取,No,No,XLSX,半年,2018/5/18,Yes,No,Yes,Yes,Yes,No,1
8/22/2018,出租汽车,出租车辆定位数据（样例）,浙江省,杭州市,车辆id，定位时间，经度，纬度，速度，方向，车辆状态（空车0/重车1）,出租车定位数据样例：https://transportdata.cn/traffictravel/open/detail?id=181&dataClass=static,需申请获取,No,No,XLSX,,2017/4/25,Yes,No,No,Yes,Yes,No,1
8/22/2018,轨道交通,轨道交通线路信息,浙江省,杭州市,线路名称、上下行标志、站点名称、首末车时间,轨道交通线路信息：https://transportdata.cn/traffictravel/open/detail?id=926&dataClass=static,可直接获取,No,No,XLSX,半年,2018/5/18,Yes,No,Yes,Yes,Yes,No,1
8/22/2018,班线客运,客运站信息,浙江省,杭州市,客运站名称、所属行政区划、站场级别、经纬度、联系电话,长途客运站信息：https://transportdata.cn/traffictravel/open/detail?id=923&dataClass=static,可直接获取,No,No,XLSX,半年,2018/5/18,Yes,No,Yes,Yes,Yes,No,1
8/22/2018,班线客运,客运站信息（限定）,浙江省,杭州市,客运站名称、所属行政区划、站场级别、经纬度、联系电话,长途客运站信息：https://transportdata.cn/traffictravel/open/detail?id=923&dataClass=static,可直接获取,No,No,XLSX,半年,2018/5/18,Yes,No,No,Yes,Yes,No,1
8/22/2018,班线客运,客运票价信息,浙江省,杭州市,始发站、达到站、终点站、车票类型、车票有效期、座位类型、车辆类型、票价,长途客运票价信息：https://transportdata.cn/traffictravel/open/detail?id=924&dataClass=static,可直接获取,Yes,No,XLSX,半年,2018/5/18,Yes,Yes,Yes,Yes,Yes,No,1
8/22/2018,班线客运,客运售票点信息,浙江省,杭州市,售票点名称、电话,长途车票售票点信息：https://transportdata.cn/traffictravel/open/detail?id=925&dataClass=static,可直接获取,No,No,XLSX,半年,2018/5/18,Yes,No,Yes,Yes,Yes,No,1
8/22/2018,班线客运,客运线路信息,吉林省,吉林省,线路编码、线路名称、始发站、终点站、途经站、里程、区域类型、运营企业组织机构编码、运营企业、车牌颜色、车牌编号、运营车辆类型、座位数、道路运输证核发机关、是否在使用,吉林省汽车站的站点信息、各个汽车站的班次信息、线路信息：https://transportdata.cn/traffictravel/open/detail?id=890&dataClass=static 吉林省-班线客运-客运线路信息：https://transportdata.cn/traffictravel/open/detail?id=183&dataClass=static,可直接获取,No,No,XLSX,每月,2017/4/27,Yes,No,Yes,No,Yes,No,2
8/22/2018,班线客运,客运站信息,吉林省,吉林省,省份、城市、县、编码、名称、简称、站点等级、地址、沿线公交、电话、营业开始时间、营业结束时间、代售状态、允许退票、取票地点、取票方式、是否在使用,吉林省汽车站的站点信息、各个汽车站的班次信息、线路信息：https://transportdata.cn/traffictravel/open/detail?id=890&dataClass=static 吉林省客运站信息：https://transportdata.cn/traffictravel/open/detail?id=907&dataClass=static,可直接获取,Yes,No,XLSX,每月,2017/4/27,Yes,Yes,Yes,No,Yes,No,2
8/22/2018,班线客运,客运票价信息,吉林省,吉林省,线路名称、起始站名称、终点站名称、班次编码、班次类型、区域类型、发班时间、座位类型描述、全票票价、半票票价、儿童票价、优惠价、最高限价,吉林省汽车站的站点信息、各个汽车站的班次信息、线路信息：https://transportdata.cn/traffictravel/open/detail?id=890&dataClass=static,可直接获取,Yes,No,XLSX,每月,2017/4/27,Yes,Yes,Yes,No,Yes,No,1
8/22/2018,班线客运,客运车辆动态信息（样例）,吉林省,吉林省,车牌号码、GPS时间、经度、纬度、速度、方向、,吉林省-班线客运-车辆位置数据：https://transportdata.cn/traffictravel/open/detail?id=182&dataClass=static,需申请获取,No,No,XLSX,实时,2016/11/16,Yes,No,No,No,Yes,No,1
8/22/2018,高速公路,高速公路阻断信息,吉林省,长春市,报送单位、起止桩号、起止米、阻断原因、阻断开始时间、预计结束时间、发布范围、报送审核发布时间、报送状态、行政区划、位置信息,吉林省-高速公路-交通阻断计划-高速公路交通阻断计划信息：https://transportdata.cn/traffictravel/open/detail?id=191&dataClass=static 吉林省-高速公路-道路阻断信息-高速公路道路阻断信息：https://transportdata.cn/traffictravel/open/detail?id=187&dataClass=static,需申请获取,No,No,XLSX,半年,2016/11/16,Yes,No,No,No,Yes,No,2
8/22/2018,高速公路,高速公路服务区信息,吉林省,吉林省,服务区名称、经度、纬度、服务区桩号、服务内容,吉林省-高速公路-服务区和出入口信息-高速公路服务区信息：：https://transportdata.cn/traffictravel/open/detail?id=189&dataClass=static,需申请获取,No,No,XLSX,一年,2016/11/16,Yes,No,No,No,Yes,No,1
8/22/2018,高速公路,高速公路服务区信息（限定）,吉林省,吉林省,服务区名称、经度、纬度、服务区桩号、服务内容,吉林省-高速公路-服务区和出入口信息-高速公路服务区信息：：https://transportdata.cn/traffictravel/open/detail?id=189&dataClass=static,需申请获取,No,No,XLSX,一年,2016/11/16,Yes,No,Yes,No,Yes,No,1
8/22/2018,高速公路,高速公路收费站信息,吉林省,吉林省,收费站名称、收费站经纬度、通达景点、位置、站编码、通达城市,吉林省-高速公路-收费站信息-高速公路收费站信息:https://transportdata.cn/traffictravel/open/detail?id=194&dataClass=static,需申请获取,No,No,XLSX,一年,2016/11/16,Yes,No,No,No,Yes,No,1
8/22/2018,高速公路,高速公路气象信息,吉林省,吉林省,路段信息、天气、风力、气温、能见度、湿度、安全等级、交通安全气象等级、影响、记录时间,吉林省-高速公路-高速气象信息-高速公路气象信息：https://transportdata.cn/traffictravel/open/detail?id=190&dataClass=static,需申请获取,No,No,XLSX,半年,2016/11/16,Yes,No,Yes,No,Yes,No,1
8/22/2018,地面公交,公交线路信息,吉林省,长春市,线路名称、线路类型、上下行标志、线路所包含站点名称、首末班时间、是否支持月票、所属公司,吉林省长春市-地面公交-公交线路信息-基本信息：https://transportdata.cn/traffictravel/open/detail?id=263&dataClass=static,可直接获取,Yes,No,XLSX,半年,2016/11/22,Yes,Yes,Yes,No,Yes,No,1
8/22/2018,地面公交,公交站信息,吉林省,长春市,站点编号、站点名称、站点经纬度、路名,长春公交站点信息：https://transportdata.cn/traffictravel/open/detail?id=915&dataClass=static,需申请获取,No,No,XLSX,半年,2018/4/26,Yes,No,No,Yes,Yes,No,1
8/22/2018,地面公交,公交站信息（限定）,吉林省,长春市,站点编号、站点名称、站点经纬度、路名,长春公交站点信息：https://transportdata.cn/traffictravel/open/detail?id=915&dataClass=static,需申请获取,No,No,XLSX,半年,2018/4/26,Yes,No,Yes,Yes,Yes,No,1
8/22/2018,地面公交,公交车辆定位数据（样例）,吉林省,长春市,线路名称、经度、纬度、方向,吉林长春-地面公交-公交线路信息：https://transportdata.cn/traffictravel/open/detail?id=185&dataClass=static,需申请获取,No,No,XLSX,一个月,2016/11/16,Yes,No,No,No,Yes,No,1
8/22/2018,出租汽车,出租汽车扬招点,吉林省,长春市,站点编号、站点名称、站点地址、经度、纬度、投诉电话,长春市出租车招车点信息：https://transportdata.cn/traffictravel/open/detail?id=920&dataClass=static,需申请获取,Yes,No,XLSX,半年,2018/4/26,Yes,Yes,No,Yes,Yes,No,1
8/22/2018,出租汽车,出租汽车基础数据,吉林省,长春市,企业、车辆数,长春市出租车招车点信息：https://transportdata.cn/traffictravel/open/detail?id=920&dataClass=static 长春市出租车及公交公司信息：https://transportdata.cn/traffictravel/open/detail?id=919&dataClass=static,需申请获取,No,No,XLSX,半年,2018/4/26,Yes,No,Yes,Yes,Yes,No,2
8/22/2018,轨道交通,轨道交通线路信息,吉林省,长春市,线路名称、上下行标志、里程、首末车时间、所属公司、起点站编号、终点站编号,长春市轨道线路信息：https://transportdata.cn/traffictravel/open/detail?id=921&dataClass=static,需申请获取,No,No,XLSX,半年,2018/4/26,Yes,No,No,Yes,Yes,No,1
8/22/2018,轨道交通,轨道交通站点信息（限定）,吉林省,长春市,站点编号、站点名称、经度、纬度,长春轨道站台信息表：https://transportdata.cn/traffictravel/open/detail?id=918&dataClass=static,需申请获取,No,No,XLSX,半年,2018/4/26,Yes,No,Yes,Yes,Yes,No,1
8/22/2018,轨道交通,轨道交通票价信息,吉林省,长春市,起点编码、终点编码、票价,轨道票价信息表：https://transportdata.cn/traffictravel/open/detail?id=916&dataClass=static,需申请获取,No,No,XLSX,半年,2018/4/26,Yes,No,No,Yes,Yes,No,1
8/22/2018,地面公交,公交线路信息,吉林省,松原市,线路编号、上行站点、下行站点、发车时间、票价、所属公司、起点、终点,松原市公交线路信息：https://transportdata.cn/traffictravel/open/detail?id=910&dataClass=static,需申请获取,No,No,XLSX,半年,2018/4/26,Yes,No,No,Yes,Yes,No,1
8/22/2018,地面公交,公交站信息,吉林省,松原市,站点编号、站点名称、站点经纬度、路名,松原市公交站台信息：https://transportdata.cn/traffictravel/open/detail?id=912&dataClass=static,需申请获取,No,No,XLSX,半年,2018/4/26,Yes,No,No,Yes,Yes,No,1
8/22/2018,地面公交,公交站信息（限定）,吉林省,松原市,站点编号、站点名称、站点经纬度、路名,松原市公交站台信息：https://transportdata.cn/traffictravel/open/detail?id=913&dataClass=static,需申请获取,No,No,XLSX,半年,2018/4/26,Yes,No,Yes,Yes,Yes,No,1
8/22/2018,出租汽车,出租汽车扬招点,吉林省,松原市,站点编号、站点名称、站点地址、经度、纬度、投诉电话,松原出租车招车点信息：https://transportdata.cn/traffictravel/open/detail?id=908&dataClass=static,需申请获取,Yes,No,XLSX,半年,2018/4/26,Yes,Yes,No,Yes,Yes,No,1
8/22/2018,班线客运,客运线路信息,江西省,江西省,编码、名称 、终到站编码、终到站名称、里程、区域类型、组织机构编码、是否在使用,江西省汽车站的站点信息、各个汽车站的班次信息、线路信息：https://transportdata.cn/traffictravel/open/detail?id=893&dataClass=static,可直接获取,No,No,XLSX,实时,2017/4/27,Yes,No,Yes,No,Yes,No,1
8/22/2018,班线客运,客运站信息,江西省,江西省,省份、市、县、编码、名称、站点等级、是否在使用,江西省汽车站的站点信息、各个汽车站的班次信息、线路信息：https://transportdata.cn/traffictravel/open/detail?id=893&dataClass=static,可直接获取,No,No,XLSX,实时,2017/4/27,Yes,No,Yes,No,Yes,No,1
8/22/2018,班线客运,客运票价信息,江西省,江西省,线路名称、起始站名称、终点站名称、班次编码、班次类型、区域类型、发班时间、座位类型描述、全票票价、半票票价、儿童票价、优惠价、最高限价,江西省汽车站的站点信息、各个汽车站的班次信息、线路信息：https://transportdata.cn/traffictravel/open/detail?id=893&dataClass=static,可直接获取,Yes,No,XLSX,实时,2017/4/27,Yes,Yes,Yes,No,Yes,No,1
8/22/2018,班线客运,客运线路信息,山西省,山西省,编码、名称 、终到站编码、终到站名称、里程、区域类型、组织机构编码、是否在使用,山西省汽车站的站点信息、各个汽车站的班次信息、线路信息：https://transportdata.cn/traffictravel/open/detail?id=891&dataClass=static,可直接获取,No,No,XLSX,实时,2017/4/27,Yes,No,Yes,No,Yes,No,1
8/22/2018,班线客运,客运站信息,山西省,山西省,省份、市、县、编码、名称、站点等级、是否在使用,山西省汽车站的站点信息、各个汽车站的班次信息、线路信息：https://transportdata.cn/traffictravel/open/detail?id=891&dataClass=static,可直接获取,No,No,XLSX,实时,2017/4/27,Yes,No,Yes,No,Yes,No,1
8/22/2018,班线客运,客运票价信息,山西省,山西省,线路名称、起始站名称、终点站名称、班次编码、班次类型、区域类型、发班时间、座位类型描述、全票票价、半票票价、儿童票价、优惠价、最高限价,山西省汽车站的站点信息、各个汽车站的班次信息、线路信息：https://transportdata.cn/traffictravel/open/detail?id=891&dataClass=static,可直接获取,Yes,No,XLSX,实时,2017/4/27,Yes,Yes,Yes,No,Yes,No,1
8/22/2018,班线客运,客运线路信息,湖北省,湖北省,编码、名称 、终到站编码、终到站名称、里程、区域类型、组织机构编码、是否在使用,湖北省汽车站的站点信息、各个汽车站的班次信息、线路信息：https://transportdata.cn/traffictravel/open/detail?id=892&dataClass=static：https://transportdata.cn/traffictravel/open/detail?id=892&dataClass=static,可直接获取,No,No,XLSX,实时,2017/4/27,Yes,No,Yes,No,Yes,No,1
8/22/2018,班线客运,客运站信息,湖北省,湖北省,省份、市、县、编码、名称、站点等级、是否在使用,湖北省汽车站的站点信息、各个汽车站的班次信息、线路信息：https://transportdata.cn/traffictravel/open/detail?id=892&dataClass=static：https://transportdata.cn/traffictravel/open/detail?id=892&dataClass=static,可直接获取,No,No,XLSX,实时,2017/4/27,Yes,No,Yes,No,Yes,No,1
8/22/2018,班线客运,客运票价信息,湖北省,湖北省,线路名称、起始站名称、终点站名称、班次编码、班次类型、区域类型、发班时间、座位类型描述、全票票价、半票票价、儿童票价、优惠价、最高限价,各个汽车站发班计划：https://transportdata.cn/traffictravel/open/detail?id=818&dataClass=static 湖北省汽车站的站点信息、各个汽车站的班次信息、线路信息：https://transportdata.cn/traffictravel/open/detail?id=892&dataClass=static：https://transportdata.cn/traffictravel/open/detail?id=892&dataClass=static,可直接获取,Yes,No,XLSX,一个月,2017/1/5,Yes,Yes,Yes,No,Yes,No,2
8/22/2018,地面公交,公交客流数据（样例）,广东省,广东省,终端号、卡号、交易时间、金额,广东省--地面公交-刷卡数据-样例数据：https://transportdata.cn/traffictravel/open/detail?id=844&dataClass=static,可直接获取,No,No,XLSX,半个月,2017/1/19,Yes,No,Yes,Yes,Yes,No,1
8/22/2018,地面公交,公交车辆信息,广东省,广东省,辖区市、业户名称、车牌号、车牌颜色、厂牌、厂牌型号、是否空调车,广东省-地面公交-车辆信息-公交车辆数据：https://transportdata.cn/traffictravel/open/detail?id=240&dataClass=static,需申请获取,No,No,XLSX,一年,2016/11/18,Yes,No,Yes,No,Yes,No,1
8/22/2018,出租汽车,出租汽车基础数据,广东省,广东省,辖区市、业户名称、车牌号、车牌颜色、厂牌、型号,广东省-出租汽车-出租汽车基础数据-出租车辆数据：https://transportdata.cn/traffictravel/open/detail?id=239&dataClass=static,需申请获取,No,No,XLSX,一年,2016/11/18,Yes,No,Yes,No,Yes,No,1
8/22/2018,班线客运,客运线路信息,广东省,广东省,线路名称、代码、起点地名、站名、代码、终点地名、站名、代码、途经线路、线路种类、类型、客运类别,广东省-班线客运-客运线路信息：https://transportdata.cn/traffictravel/open/detail?id=235&dataClass=static,需申请获取,No,No,XLSX,一年,2016/11/16,Yes,No,No,No,Yes,No,1
8/22/2018,班线客运,客运站信息,广东省,广东省,辖区市、站场代码、站场名称、站场级别、联系电话,广东省-班线客运-客运站信息：https://transportdata.cn/traffictravel/open/detail?id=236&dataClass=static,可直接获取,No,No,XLSX,一年,2016/11/16,Yes,No,Yes,No,Yes,No,1
8/22/2018,班线客运,客运票价信息,广东省,广东省,发车站名称、代码、线路名称、班次号、客运类别、线路种类、班次种类、发车模式、首末班时间、发车间隔、始发地信息、终到地信息、班次有效期、座型、车辆等级、各类人群票价信息,广东省-班线客运-票价信息：https://transportdata.cn/traffictravel/open/detail?id=237&dataClass=static,需申请获取,Yes,No,XLSX,一年,2016/11/16,Yes,Yes,No,No,Yes,No,1
8/22/2018,高速公路,高速公路路线信息,广东省,广东省,路段名、简称、起点名、中点名、路线里程,广东省-高速公路-路线信息：https://transportdata.cn/traffictravel/open/detail?id=245&dataClass=static,需申请获取,No,No,XLSX,一年,2016/11/16,Yes,No,No,No,Yes,No,1
8/22/2018,高速公路,高速公路服务区信息,广东省,广东省,服务区名称、所属路段、桩号,广东省-高速公路-服务区和出入口信息-服务区信息：https://transportdata.cn/traffictravel/open/detail?id=241&dataClass=static,需申请获取,No,No,XLSX,一年,2016/11/16,Yes,No,No,No,Yes,No,1
8/22/2018,高速公路,高速公路收费站信息,广东省,广东省,收费站名称、桩号、出口车道数、入口车道数、出口ETC车道数、入口ETC车道数,广东省-高速公路-收费站信息：https://transportdata.cn/traffictravel/open/detail?id=247&dataClass=static,需申请获取,No,No,XLSX,一年,2016/11/16,Yes,No,No,No,Yes,No,1
8/22/2018,班线客运,客运线路信息,河南省,河南省,城市名、线路名称、车辆类型、荷载人数、车辆数量、客运企业、发车时间、始发站、终点站、途经站点、里程,河南省-班线客运-客运线路信息：https://transportdata.cn/traffictravel/open/detail?id=223&dataClass=static,可直接获取,Yes,No,XLSX,一个月,2016/11/16,Yes,Yes,Yes,No,Yes,No,1
8/22/2018,班线客运,客运站信息,河南省,河南省,省辖市、类别、站名、站级、经度、纬度、海拔,河南省-班线客运-客运站信息：https://transportdata.cn/traffictravel/open/detail?id=221&dataClass=static,需申请获取,No,No,XLSX,一个月,2016/11/16,Yes,No,No,No,Yes,No,1
8/22/2018,班线客运,客运站信息（限定）,河南省,河南省,省辖市、类别、站名、站级、经度、纬度、海拔,河南省-班线客运-客运站信息：https://transportdata.cn/traffictravel/open/detail?id=221&dataClass=static,需申请获取,No,No,XLSX,一个月,2016/11/16,Yes,No,Yes,No,Yes,No,1
8/22/2018,班线客运,客运票价信息,河南省,河南省,班次、座位类型、车票类型、始发站、到达站、终点站、票价,河南省-班线客运-票价信息：https://transportdata.cn/traffictravel/open/detail?id=224&dataClass=static,可直接获取,Yes,No,XLSX,一个月,2016/11/16,Yes,Yes,Yes,No,Yes,No,1
8/22/2018,普通公路,普通公路路线信息,河南省,河南省,管理单位名称、城市名、县名称、乡镇名称、路线编码、路段序列号、行政等级、路线名称、路线简称、起点名称、终点名称、起点桩号、终点桩号、起点经纬度、终点经纬度、起点分界点、最近改建时间、是否城管路、是否收费路、是否断头路、是否重复路线、重复路线编号、养护里程、可绿化里程、已绿化里程、所属地形、涵洞数量、涵洞延米,河南省-普通公路-国道路线信息：https://transportdata.cn/traffictravel/open/detail?id=262&dataClass=static 河南省-普通公路-省道路线信息：https://transportdata.cn/traffictravel/open/detail?id=216&dataClass=static 河南省-普通公路-县道路线信息：https://transportdata.cn/traffictravel/open/detail?id=219&dataClass=static 河南省-普通公路-乡道路线信息：https://transportdata.cn/traffictravel/open/detail?id=220&dataClass=static,需申请获取,No,No,XLSX,一年,2016/11/17,Yes,No,No,No,Yes,No,4
8/22/2018,出租汽车,出租汽车车辆定位数据（样例）,河南省,郑州市,车辆ID，定位时间，经度，纬度，速度，方向（顺时针正北方向夹角），车辆状态（空车0/重车1）,河南省-郑州市-出租车实时位置样例数据：https://transportdata.cn/traffictravel/open/detail?id=205&dataClass=static,可直接获取,No,No,XLSX,一年,2016/12/16,Yes,No,Yes,No,Yes,No,1
8/22/2018,地面公交,公交线路信息,重庆市,重庆市,线路号、线路编码、线路名称、起终点站、方向,重庆市-地面公交-公交线路信息：https://transportdata.cn/traffictravel/open/detail?id=229&dataClass=static,可直接获取,No,No,XLSX,半年,2016/11/16,Yes,No,Yes,No,Yes,No,1
8/22/2018,地面公交,公交站信息,重庆市,重庆市,线路编码、线路名称、站点编号、站点名、站点序号、方向、经纬度、站点类型、站点描述,重庆市-地面公交-站点信息：https://transportdata.cn/traffictravel/open/detail?id=230&dataClass=static,需申请获取,No,No,XLSX,半年,2016/11/17,Yes,No,No,No,Yes,No,1
8/22/2018,地面公交,公交站信息,重庆市,重庆市,线路编码、线路名称、站点编号、站点名、站点序号、方向、经纬度、站点类型、站点描述,重庆市-地面公交-站点信息：https://transportdata.cn/traffictravel/open/detail?id=230&dataClass=static,需申请获取,No,No,XLSX,半年,2016/11/17,Yes,No,No,No,Yes,No,1
8/22/2018,地面公交,公交车辆定位数据（样例）,重庆市,重庆市,车辆id、经度、纬度、速度、方向、定位时间,重庆市交通委-实时公交数据：https://transportdata.cn/traffictravel/open/detail?id=184&dataClass=static,需申请获取,No,No,XLSX,实时,2016/11/16,Yes,No,No,No,Yes,No,1
8/22/2018,出租汽车,出租汽车车辆定位数据（样例）,重庆市,重庆市,车辆id，定时时间，经度，纬度，速度，方向,重庆市交通委-出租车实时数据样例：https://transportdata.cn/traffictravel/open/detail?id=201&dataClass=static,可直接获取,No,No,XLSX,实时,2017/1/10,Yes,No,Yes,No,Yes,No,1
8/22/2018,地面公交,公交站信息,海南省,三亚市,站点编号、站点名称、所属区域、电子站牌、候车亭、港湾式站点、站台长度、经度、纬度、途径线路信息,海南省三亚市-地面公交-公交站点信息：https://transportdata.cn/traffictravel/open/detail?id=178&dataClass=static,需申请获取,No,No,XLSX,半年,2016/11/15,Yes,No,No,No,Yes,No,1
8/22/2018,地面公交,公交站信息（限定）,海南省,三亚市,站点编号、站点名称、所属区域、电子站牌、候车亭、港湾式站点、站台长度、经度、纬度、途径线路信息,海南省三亚市-地面公交-公交站点信息：https://transportdata.cn/traffictravel/open/detail?id=178&dataClass=static,需申请获取,No,No,XLSX,半年,2016/11/15,Yes,No,Yes,No,Yes,No,1
8/22/2018,地面公交,公交车辆信息,海南省,三亚市,线路名称、车牌号、车辆编号、车载机编号、燃料类型、车辆型号、车辆类型、车辆状态、车辆长度、标台系数、核定载客数、站立数、座位数、百公里油耗、购买时间、使用时间,海南省三亚市-地面公交-车辆信息：https://transportdata.cn/traffictravel/open/detail?id=177&dataClass=static,需申请获取,No,No,XLSX,半年,2016/11/15,Yes,No,Yes,No,Yes,No,1
8/22/2018,出租汽车,出租汽车基础数据,海南省,三亚市,GPS设备号、车牌号码、SIM卡号、厂商名称、安装时间、显示标签、所属企业,海南省三亚市-出租汽车-出租汽车基础数据：https://transportdata.cn/traffictravel/open/detail?id=176&dataClass=static,需申请获取,No,No,XLSX,半年,2016/11/16,Yes,No,Yes,No,Yes,No,
8/22/2018,出租汽车,出租汽车车辆定位数据（样例）,海南省,三亚市,车辆id，经度，纬度，速度，方向，定位时间,海南省-三亚市-出租车实时数据样例：https://transportdata.cn/traffictravel/open/detail?id=188&dataClass=static,可直接获取,No,No,XLSX,实时,2017/1/10,Yes,No,Yes,No,Yes,No,
8/22/2018,普通公路,普通公路收费站信息,四川省,四川省,路线名称、路线编号、桩号、收费站名称、经度、纬度,四川省-普通公路-公路附属设施:https://transportdata.cn/traffictravel/open/detail?id=149&dataClass=static,需申请获取,No,No,XLSX,半年,2016/11/15,Yes,No,No,No,Yes,No,
8/22/2018,普通公路,普通公路收费站信息（限定）,四川省,四川省,路线名称、路线编号、桩号、收费站名称、经度、纬度,四川省-普通公路-公路附属设施:https://transportdata.cn/traffictravel/open/detail?id=149&dataClass=static,需申请获取,No,No,XLSX,半年,2016/11/15,Yes,No,Yes,No,Yes,No,
8/22/2018,普通公路,普通公路出入口信息,四川省,四川省,路线名称、路线编号、桩号、出入口名称、经度、纬度,四川省-普通公路-公路附属设施:https://transportdata.cn/traffictravel/open/detail?id=149&dataClass=static,需申请获取,No,No,XLSX,半年,2016/11/15,Yes,No,No,No,Yes,No,
8/22/2018,班线客运,客运站信息,四川省,四川省,省代码、城市代码、城市名、站代码、站名、站场等级、经度、纬度,四川省-班线客运-客运线路信息：https://transportdata.cn/traffictravel/open/detail?id=164&dataClass=static 公路附属设施：https://transportdata.cn/traffictravel/open/detail?id=149&dataClass=static,可直接获取,No,No,XLSX,一年,2016/11/15,Yes,No,Yes,No,Yes,No,2
8/22/2018,班线客运,客运站信息（限定）,四川省,四川省,省代码、城市代码、城市名、站代码、站名、站场等级、经度、纬度,四川省-班线客运-客运线路信息：https://transportdata.cn/traffictravel/open/detail?id=164&dataClass=static 公路附属设施：https://transportdata.cn/traffictravel/open/detail?id=149&dataClass=static,需申请获取,No,No,XLSX,一年,2016/11/15,Yes,No,No,No,Yes,No,2
8/22/2018,普通公路,普通公路路线信息,四川省,四川省,路线编码、路线名称、起点桩号、起点名称、终点桩号、终点名称、建成时间、管养单位名称、,四川省-普通公路-路线信息：https://transportdata.cn/traffictravel/open/detail?id=158&dataClass=static,需申请获取,No,No,XLSX,一年,2016/11/18,Yes,No,No,No,Yes,No,1
8/22/2018,普通公路,普通公路道路阻断信息,四川省,四川省,公路名称、路段名称、方向、起点桩号、止点桩号、类型、发生时间、预计时间、原因,四川省-普通公路-国省干线路线信息：https://transportdata.cn/traffictravel/open/detail?id=153&dataClass=static,需申请获取,No,No,XLSX,一年,2016/11/17,Yes,No,Yes,No,Yes,No,1
8/22/2018,普通公路,普通公路交调站信息,四川省,四川省,名称、桩号、流量、时间、经度、纬度,四川省-普通公路-交调站信息:https://transportdata.cn/traffictravel/open/detail?id=172&dataClass=static 四川省-普通公路-公路附属设施:https://transportdata.cn/traffictravel/open/detail?id=149&dataClass=static,需申请获取,No,No,XLSX,实时,2016/11/16,Yes,No,Yes,No,Yes,No,2
8/22/2018,高速公路,高速公路路线信息,辽宁省,辽宁省,道路名称、道路类型、起讫点名称、起讫点桩号、道路里程、地貌、路面属性,辽宁省-高速公路-路线信息-高速路线信息表：https://transportdata.cn/traffictravel/open/detail?id=226&dataClass=static,需申请获取,Yes,No,XLSX,一年,2016/11/16,Yes,Yes,No,No,Yes,No,
8/22/2018,高速公路,高速公路服务区信息,辽宁省,辽宁省,路段编号、名称、桩号、位置、服务区名称、经营地点、服务内容、管理部门、经纬度、超市、餐厅、修理、加油、小车、打车、特车,辽宁省-高速公路-服务区和出入口信息-高速服务区信息表：https://transportdata.cn/traffictravel/open/detail?id=225&dataClass=static,需申请获取,No,No,XLSX,一年,2016/11/16,Yes,No,No,No,Yes,No,1
8/22/2018,高速公路,高速公路服务区信息（限定）,辽宁省,辽宁省,路段编号、名称、桩号、位置、服务区名称、经营地点、服务内容、管理部门、经纬度、超市、餐厅、修理、加油、小车、打车、特车,辽宁省-高速公路-服务区和出入口信息-高速服务区信息表：https://transportdata.cn/traffictravel/open/detail?id=225&dataClass=static,需申请获取,Yes,No,XLSX,一年,2016/11/16,Yes,Yes,Yes,No,Yes,No,1
8/22/2018,高速公路,高速公路出入口信息,辽宁省,辽宁省,编号、收费站名称、桩号、位置编号、位置、类型编号、类型、行政区编号、行政区名称、景点、连接线编号、连接线名称、连接线桩号、连接线其他信息、经纬度,辽宁省-高速公路-收费站信息-高速收费站信息表：https://transportdata.cn/traffictravel/open/detail?id=227&dataClass=static,需申请获取,Yes,No,XLSX,一年,2016/11/16,Yes,Yes,No,No,Yes,No,1
8/22/2018,高速公路,高速公路收费站信息,辽宁省,辽宁省,编号、收费站名称、桩号、位置编号、位置、类型编号、类型、行政区编号、行政区名称、景点、连接线编号、连接线名称、连接线桩号、连接线其他信息、经纬度,辽宁省-高速公路-收费站信息-高速收费站信息表：https://transportdata.cn/traffictravel/open/detail?id=227&dataClass=static,需申请获取,No,No,XLSX,一年,2016/11/16,Yes,No,No,No,Yes,No,1
8/22/2018,普通公路,普通公路路线信息,辽宁省,辽宁省,道路名称、道路类型、起讫点名称、起讫点桩号、道路里程、地貌、路面属性,辽宁省-普通公路-路线信息-高速路线信息表：https://transportdata.cn/traffictravel/open/detail?id=228&dataClass=static,需申请获取,Yes,No,XLSX,一年,2016/11/16,Yes,Yes,No,No,Yes,No,1
8/22/2018,高速公路,高速公路路线信息,河北省,河北省,路线编号、行政区划、路线名称、起止点名称、起止点桩号、里程、路段基本属性、修建改建、养护管理信息、地貌、涵洞数量、省际出入口,河北省-高速公路-路线信息-高速公路路线基本情况明细表：https://transportdata.cn/traffictravel/open/detail?id=150&dataClass=static,需申请获取,Yes,No,XLSX,半年,2016/11/17,Yes,Yes,No,No,Yes,No,1
8/22/2018,高速公路,高速公路服务区信息,河北省,河北省,路线编号、路线名称、类型、桩号、位置、服务区名称、管理单位名称、服务内容,河北省高速公路服务区和出入口信息：https://transportdata.cn/traffictravel/open/detail?id=147&dataClass=static 河北省-高速公路-服务区和出入口信息明细：https://transportdata.cn/traffictravel/open/detail?id=148&dataClass=static 河北省-高速公路-服务区出入口信息：https://transportdata.cn/traffictravel/open/detail?id=233&dataClass=static,需申请获取,No,No,XLSX,半年,2016/11/16,Yes,No,No,No,Yes,No,3
8/22/2018,高速公路,高速公路出入口信息,河北省,河北省,出入口编号、出入口名称、连接线编号、连接线名称、连接线桩号、景点,河北省高速公路服务区和出入口信息：https://transportdata.cn/traffictravel/open/detail?id=147&dataClass=static 河北省-高速公路-服务区和出入口信息明细：https://transportdata.cn/traffictravel/open/detail?id=148&dataClass=static 河北省-高速公路-服务区出入口信息：https://transportdata.cn/traffictravel/open/detail?id=233&dataClass=static,需申请获取,Yes,No,XLSX,半年,2016/11/16,Yes,Yes,No,No,Yes,No,3
8/22/2018,普通公路,普通公路路线信息,河北省,河北省,路线编号、行政区划、路线名称、起止点名称、起止点桩号、里程、技术等级、是否依附高速、车道数量、面层类型、路基宽度、路面宽度、面层厚度、设计时速、修建年度,河北省-普通公路-路线信息：https://transportdata.cn/traffictravel/open/detail?id=255&dataClass=static,需申请获取,Yes,No,XLSX,半年,2016/11/17,Yes,Yes,No,No,Yes,No,1
8/22/2018,普通公路,普通公路收费站信息,河北省,河北省,路线编号、编码、名称、简称、桩号、技术等级、收费性质、类型、位置类型、方向、入口车道数、入口ETC车道数、出口车道数、出口ETC车道数、经度、纬度,河北省-普通公路-收费站信息：https://transportdata.cn/traffictravel/open/detail?id=238&dataClass=static,需申请获取,No,No,XLSX,一年,2016/11/17,Yes,No,No,No,Yes,No,1
8/22/2018,普通公路,普通公路收费站信息（限定）,河北省,河北省,路线编号、编码、名称、简称、桩号、技术等级、收费性质、类型、位置类型、方向、入口车道数、入口ETC车道数、出口车道数、出口ETC车道数、经度、纬度,河北省-普通公路-收费站信息：https://transportdata.cn/traffictravel/open/detail?id=238&dataClass=static,需申请获取,No,No,XLSX,一年,2016/11/17,Yes,No,Yes,No,Yes,No,1
8/22/2018,高速公路,高速公路路线信息,贵州省,贵州省,路线名称、路线简称、起点名称、终点名称、起点桩号、里程,贵州省-高速公路-路线信息-高速路线统计信息：https://transportdata.cn/traffictravel/open/detail?id=260&dataClass=static,需申请获取,No,No,XLSX,一年,2016/11/17,Yes,No,No,No,Yes,No,1
8/22/2018,地面公交,公交线路信息,北京市,北京市,公交线路名称、上下行标志、首末车时间、是否支持月票、所属公司,北京市-地面公交-公交线路信息：https://transportdata.cn/traffictravel/open/detail?id=213&dataClass=static,需申请获取,No,No,XLSX,一年,2016/11/16,Yes,No,No,No,Yes,No,1
8/22/2018,地面公交,公交站信息,北京市,北京市,公交线路名称、站点名称、站点编号、上下行标志,北京市-地面公交-公交站点信息：https://transportdata.cn/traffictravel/open/detail?id=214&dataClass=static,需申请获取,No,No,XLSX,一年,2016/11/16,Yes,No,No,No,Yes,No,1
8/22/2018,轨道交通,轨道交通线路信息,北京市,北京市,线路名称、上下行标志、线路所包含站点名称、首末车时间、所属公司,北京市-轨道交通-线路信息：https://transportdata.cn/traffictravel/open/detail?id=215&dataClass=static,需申请获取,No,No,XLSX,一年,2016/11/16,Yes,No,No,No,Yes,No,1
8/22/2018,班线客运,客运线路信息,北京市,北京市,线路名称、车辆数量、运营企业、始发站、终点站、途径站点名称,北京市-班线客运-客运线路信息：https://transportdata.cn/traffictravel/open/detail?id=210&dataClass=static,需申请获取,No,No,XLSX,一年,2016/11/16,Yes,No,No,No,Yes,No,1
8/22/2018,班线客运,客运票价信息,北京市,北京市,线路名称、座位类型、车票类型、始发站、终到站、票价,北京市-班线客运-票价信息：https://transportdata.cn/traffictravel/open/detail?id=211&dataClass=static,需申请获取,Yes,No,XLSX,一年,2016/11/16,Yes,Yes,No,No,Yes,No,1
8/22/2018,班线客运,客运售票点信息,北京市,北京市,代售票点名称、订票电话,北京市-班线客运-售票点信息：https://transportdata.cn/traffictravel/open/detail?id=212&dataClass=static,需申请获取,No,No,XLSX,一年,2016/11/16,Yes,No,No,No,Yes,No,1
8/22/2018,高速公路,高速公路路线信息,北京市,北京市,路线名称、路线简称、起点名称、终点名称,北京市-高速公路-路线信息：https://transportdata.cn/traffictravel/open/detail?id=200&dataClass=static,需申请获取,No,No,XLSX,一年,2016/11/16,Yes,No,No,No,Yes,No,1
8/22/2018,高速公路,高速公路服务区信息,北京市,北京市,路线名称、服务区名称,北京市-高速公路-服务区和出入口信息-服务区信息：https://transportdata.cn/traffictravel/open/detail?id=198&dataClass=static,需申请获取,No,No,XLSX,一年,2016/11/16,Yes,No,No,No,Yes,No,1
8/22/2018,普通公路,普通公路路线信息,北京市,北京市,路线名称、路线简称、起终点名称、路线里程,北京市-普通公路-路线信息：https://transportdata.cn/traffictravel/open/detail?id=217&dataClass=static,需申请获取,No,No,XLSX,一年,2016/11/16,Yes,No,No,No,Yes,No,1
8/22/2018,枢纽,枢纽信息,北京市,北京市,名称,北京市-枢纽-枢纽信息：https://transportdata.cn/traffictravel/open/detail?id=218&dataClass=static,需申请获取,No,No,XLSX,一年,2016/11/16,Yes,No,No,No,Yes,No,1
8/22/2018,地面公交,公交线路信息,天津市,天津市,线路名称、所属公司、起点和终点的首末车时间,天津市-地面公交-公交线路信息（部分）：https://transportdata.cn/traffictravel/open/detail?id=208&dataClass=static,需申请获取,No,No,XLSX,半年,2016/11/16,Yes,No,No,No,Yes,No,1
8/22/2018,地面公交,公交站信息,天津市,天津市,线路名称、站点序号、站点名称、上下行、经度、纬度,天津市-地面公交-公交站点信息：https://transportdata.cn/traffictravel/open/detail?id=209&dataClass=static,需申请获取,No,No,XLSX,一个月,2016/11/16,Yes,No,No,No,Yes,No,1
8/22/2018,地面公交,公交站信息（限定）,天津市,天津市,线路名称、站点序号、站点名称、上下行、经度、纬度,天津市-地面公交-公交站点信息：https://transportdata.cn/traffictravel/open/detail?id=209&dataClass=static,需申请获取,No,No,XLSX,一个月,2016/11/16,Yes,No,Yes,No,Yes,No,1
8/22/2018,出租汽车,出租汽车基础数据,天津市,天津市,运营证号、车牌号码、厂牌型号、车身颜色、车辆类型、燃油类型、租价、单位名称,天津市-出租汽车-出租汽车基础信息（部分）：https://transportdata.cn/traffictravel/open/detail?id=206&dataClass=static,需申请获取,No,No,XLSX,半年,2016/11/16,Yes,No,Yes,No,Yes,No,1
8/22/2018,班线客运,客运线路信息,天津市,天津市,业户名称、线路名称、班线类型、班车类别、运营区域、营运公里、始发地、始发站、到达地、终点站,天津市-班线客运-客运线路信息（部分）：https://transportdata.cn/traffictravel/open/detail?id=197&dataClass=static,需申请获取,No,No,XLSX,一个月,2016/11/16,Yes,No,No,No,Yes,No,1
8/22/2018,高速公路,高速公路路线信息,天津市,天津市,路线名称、路线编码、起止点、四车道、六车道、八车道及以上、合计里程,天津市-高速公路-路线信息-高速公路明细表：https://transportdata.cn/traffictravel/open/detail?id=199&dataClass=static,需申请获取,No,No,XLSX,一年,2016/11/16,Yes,No,No,No,Yes,No,1
8/22/2018,普通公路,普通公路路线信息,天津市,天津市,路线编号、路线名称、起止桩号、里程,天津市-普通公路-路线信息-国道现状登记表：https://transportdata.cn/traffictravel/open/detail?id=202&dataClass=static 天津市-普通公路-路线信息-省道现状登记表：https://transportdata.cn/traffictravel/open/detail?id=203&dataClass=static 天津市-普通公路-路线信息-县道现状登记表：https://transportdata.cn/traffictravel/open/detail?id=204&dataClass=static,需申请获取,No,No,XLSX,一年,2016/11/16,Yes,No,No,No,Yes,No,3